-- MySQL dump 10.13  Distrib 5.7.31, for Win64 (x86_64)
--
-- Host: localhost    Database: exercice1
-- ------------------------------------------------------
-- Server version	5.7.31

/*!40101 SET @OLD_CHARACTER_SET_CLIENT=@@CHARACTER_SET_CLIENT */;
/*!40101 SET @OLD_CHARACTER_SET_RESULTS=@@CHARACTER_SET_RESULTS */;
/*!40101 SET @OLD_COLLATION_CONNECTION=@@COLLATION_CONNECTION */;
/*!40101 SET NAMES utf8 */;
/*!40103 SET @OLD_TIME_ZONE=@@TIME_ZONE */;
/*!40103 SET TIME_ZONE='+00:00' */;
/*!40014 SET @OLD_UNIQUE_CHECKS=@@UNIQUE_CHECKS, UNIQUE_CHECKS=0 */;
/*!40014 SET @OLD_FOREIGN_KEY_CHECKS=@@FOREIGN_KEY_CHECKS, FOREIGN_KEY_CHECKS=0 */;
/*!40101 SET @OLD_SQL_MODE=@@SQL_MODE, SQL_MODE='NO_AUTO_VALUE_ON_ZERO' */;
/*!40111 SET @OLD_SQL_NOTES=@@SQL_NOTES, SQL_NOTES=0 */;

--
-- Current Database: `exercice1`
--

CREATE DATABASE /*!32312 IF NOT EXISTS*/ `exercice1` /*!40100 DEFAULT CHARACTER SET utf8 */;

USE `exercice1`;

--
-- Table structure for table `articles`
--

DROP TABLE IF EXISTS `articles`;
/*!40101 SET @saved_cs_client     = @@character_set_client */;
/*!40101 SET character_set_client = utf8 */;
CREATE TABLE `articles` (
  `idArticle` int(11) NOT NULL AUTO_INCREMENT,
  `descriptionArticle` varchar(50) DEFAULT NULL,
  `prixArticle` int(11) DEFAULT NULL,
  PRIMARY KEY (`idArticle`)
) ENGINE=InnoDB AUTO_INCREMENT=7 DEFAULT CHARSET=utf8;
/*!40101 SET character_set_client = @saved_cs_client */;

--
-- Dumping data for table `articles`
--

LOCK TABLES `articles` WRITE;
/*!40000 ALTER TABLE `articles` DISABLE KEYS */;
INSERT INTO `articles` VALUES (1,'ciseaux',6),(2,'règle 30 cm',4),(3,'règle 20 cm',3),(4,'stylo plume',12),(5,'feutre tableau blanc',4),(6,'feuille',2);
/*!40000 ALTER TABLE `articles` ENABLE KEYS */;
UNLOCK TABLES;

--
-- Table structure for table `clients`
--

DROP TABLE IF EXISTS `clients`;
/*!40101 SET @saved_cs_client     = @@character_set_client */;
/*!40101 SET character_set_client = utf8 */;
CREATE TABLE `clients` (
  `idClient` int(11) NOT NULL AUTO_INCREMENT,
  `nomClient` varchar(50) DEFAULT NULL,
  `prenomClient` varchar(50) DEFAULT NULL,
  `dateEntreeClient` date DEFAULT NULL,
  PRIMARY KEY (`idClient`)
) ENGINE=InnoDB AUTO_INCREMENT=7 DEFAULT CHARSET=utf8;
/*!40101 SET character_set_client = @saved_cs_client */;

--
-- Dumping data for table `clients`
--

LOCK TABLES `clients` WRITE;
/*!40000 ALTER TABLE `clients` DISABLE KEYS */;
INSERT INTO `clients` VALUES (1,'talon','marc','1999-10-22'),(2,'talon','sophie','2004-11-16'),(3,'talleux','vincent','2005-06-21'),(4,'durand','sophie','2006-12-21'),(5,'durant','serge','2005-04-05'),(6,'dupond','yves','2005-12-04');
/*!40000 ALTER TABLE `clients` ENABLE KEYS */;
UNLOCK TABLES;

--
-- Table structure for table `commandes`
--

DROP TABLE IF EXISTS `commandes`;
/*!40101 SET @saved_cs_client     = @@character_set_client */;
/*!40101 SET character_set_client = utf8 */;
CREATE TABLE `commandes` (
  `idCommande` int(11) NOT NULL AUTO_INCREMENT,
  `idClient` int(11) DEFAULT NULL,
  `idArticle` int(11) DEFAULT NULL,
  `dateCommande` date DEFAULT NULL,
  `quantiteCommande` int(11) DEFAULT NULL,
  `cde_total` int(11) DEFAULT NULL,
  PRIMARY KEY (`idCommande`)
) ENGINE=InnoDB AUTO_INCREMENT=7 DEFAULT CHARSET=utf8;
/*!40101 SET character_set_client = @saved_cs_client */;

--
-- Dumping data for table `commandes`
--

LOCK TABLES `commandes` WRITE;
/*!40000 ALTER TABLE `commandes` DISABLE KEYS */;
INSERT INTO `commandes` VALUES (1,2,6,'2014-07-07',9,18),(2,2,5,'2014-07-08',1,4),(3,3,1,'2014-07-09',12,72),(4,4,5,'2014-07-08',2,8),(5,5,1,'2014-07-07',5,30),(6,5,2,'2014-07-07',1,4);
/*!40000 ALTER TABLE `commandes` ENABLE KEYS */;
UNLOCK TABLES;
/*!40103 SET TIME_ZONE=@OLD_TIME_ZONE */;

/*!40101 SET SQL_MODE=@OLD_SQL_MODE */;
/*!40014 SET FOREIGN_KEY_CHECKS=@OLD_FOREIGN_KEY_CHECKS */;
/*!40014 SET UNIQUE_CHECKS=@OLD_UNIQUE_CHECKS */;
/*!40101 SET CHARACTER_SET_CLIENT=@OLD_CHARACTER_SET_CLIENT */;
/*!40101 SET CHARACTER_SET_RESULTS=@OLD_CHARACTER_SET_RESULTS */;
/*!40101 SET COLLATION_CONNECTION=@OLD_COLLATION_CONNECTION */;
/*!40111 SET SQL_NOTES=@OLD_SQL_NOTES */;

-- Dump completed on 2020-12-16 17:00:01
